"mean_sappa_values"	"mean_sappad_values"	"sappa_sums"	"mean_sappb_values"	"mean_sappbd_values"	"sappb_sums"
"10"	0.0175438596491228	0	0.0175438596491228	0.0050125313283208	0	0.0050125313283208
"20"	0.037593984962406	0.0025062656641604	0.0401002506265664	0.0025062656641604	0	0.0025062656641604
"50"	0.152882205513784	0.025062656641604	0.177944862155388	0.0100250626566416	0	0.0100250626566416
"100"	0.265664160401002	0.0952380952380952	0.360902255639098	0.0100250626566416	0.0075187969924812	0.0175438596491228
"200"	0.598997493734336	0.418546365914787	1.01754385964912	0.0701754385964912	0.0401002506265664	0.110275689223058
"300"	0.857142857142857	0.779448621553885	1.63659147869674	0.105263157894737	0.0726817042606516	0.177944862155388
"400"	1.35588972431078	1.41102756892231	2.76691729323308	0.137844611528822	0.117794486215539	0.255639097744361
"500"	1.83959899749373	2.2406015037594	4.08020050125313	0.223057644110276	0.215538847117794	0.43859649122807
"600"	2.36842105263158	3.20802005012531	5.57644110275689	0.238095238095238	0.270676691729323	0.508771929824561
